Phase,Metrics
fine_tune,"{'pearson_cosine': 0.41562441731732747, 'spearman_cosine': 0.6269022766238443, 'pearson_manhattan': 0.5163481853931642, 'spearman_manhattan': 0.6258923623619639, 'pearson_euclidean': 0.516802648478647, 'spearman_euclidean': 0.6269022766238443, 'pearson_dot': 0.41562441709477266, 'spearman_dot': 0.6269022766238443, 'pearson_max': 0.516802648478647, 'spearman_max': 0.6269022766238443}"
